Product Name, Product Code, Expected, Counted
Spot Saver Mugwort Powder Wash (Sachet),ISN1040,0,0
Hyaluronic Acid Powder Wash (1G),ISN1024,0,0
Hyaluronic Acid Deep Moisture Water Mask (25G X 1Ea),ISN1018,0,0
Zero Complex Whitening & Moistureizing Total Care Mask Pack (25G),OAC1001,0,0
Mugwort Mask (30 G),IMF1020,0,0
Supple Preparation Facial Toner 30Ml,DK1036,0,0
Mandelic Acid 5% Skin Prep Water - Miniature (30 Ml),BWD1006,0,0
Tea Tree Purifine Soothing Mask 25 Ml,DCL1037,0,0
Vita Propolis Anti Oxidant Mask 30 Ml,DCL1042,0,0
Marine Care Eye Cream Blister 5Ml,HMS1021,0,0
Fig Scrub Mask Miniature (31Ml),IMF1005,0,0
Multi Function Cotton Pads (70 Ea),BWD1008,0,0
Supple Preparation Facial Toner(180Ml),DK1037,0,0
Hyaluronic Acid Natural Sun Cream SPF 50+ PA++++ 50ml,ISN1043,0,0
Mandelic Acid 5% Skin Prep Water (120Ml),BWD1007,0,0
Polyphenols In Propolis 15% Ampoule,BWD1011,0,0
Freshly Juiced Vitamin Drop(35Ml),DK1007,0,0
Rich Moist Soothing Serum,DK1031,2,0
Supple Preparation Unscented Toner (30Ml),DK1039,0,0
Ginseng Serum(30Ml),IMF1008,0,0
Mugwort Spot Gel (15G),IMF1022,0,0
Rice Toner (30 Ml),IMF1028,0,0
Silicon Brush,IMF1029,0,0
Acne Pimple Master Patch,CRX1006,0,0
Low Ph Good Morning Gel Cleanser (150Ml),CRX1026,0,0
Hyal Reyouth Lifting Mask 23 Ml,DCL1011,0,0
Fundamental Eye Awakening Gel (35Ml),DK1011,0,0
Fundamental Nourishing Eye Butter,DK1012,0,0
Supple Preparation Unscented Toner (180Ml),DK1038,0,0
Toner Mate 2In1 Cotton Pad (120Ea),DK1040,0,0
Honey Mask(30G).,IMF1012,0,0
Mugwort Cream (50G),IMF1016,0,0
Mugwort Essence (160 Ml),IMF1017,0,0
Rice Toner (150Ml),IMF1027,0,0
Vitamin Tree Water Gel(75G),IMF1031,0,0
Watermelon Fresh Sunscreen Spf50+/Pa++++ (50Ml),BLF1002,0,0
Acid -Duo Hibiscus 63 Cream (50Ml),BWD1001,0,0
Natural Vitamin 21.5 Enhancing Sheet Mask (23Ml),BWD1009,0,0
Pure Vitamin C 15% With Ferulic Acid (30Ml),BWD1013,0,0
Sulfur 3% Clean Gel (30 G),BWD1017,0,0
Aha/Bha Clarifying Treatment Toner(150Ml),CRX1011,0,0
Salicylic Acid Exfoliating Cleanser,CRX1036,0,0
Ac Cure Solution Blue One - 50Ml,DCL1002,0,0
Cica Regen Vegan Sun (50 Ml),DCL1006,0,0
Hyal Reyouth Toner 120Ml,DCL1013,0,0
Jeju Matcha Clay Pack - 115 Gm,DCL1014,0,0
Pro Balance Pure Cleansing Oil (155Ml),DCL1022,0,0
Royal Vita Propolis 33 Ampoule (15Ml),DCL1027,0,0
Fundamental Watery Oil Drop (50Ml),DK1014,0,0
Rich Moist Soothing Cream (80Ml),DK1030,0,0
Centella Edition Skincare Set,INK1004,0,0
All Around Safe Block Waterproof Sun Milk Spf50+/Pa+++ (70Ml),MSH1005,0,0
Hot Mama Shadow/Blush Travel Size 3G,TBM1016,0,0
Black Tea Mask Pack Blister Sample 5Ml,HMS7005,0,0
Green Tea Foam Cleansing 150 Ml,BNJ1006,0,0
Vegan Witch Hazel No Sebum Sun Shield (Uv Defense Spf50+ / Pa++++) 65 G,BNJ1016,0,0
Green Tea And Enzyme Powder Wash (70G),BWD1004,0,0
Pro-Biome Balance Cream (50 Ml),BWD1012,0,0
Quad Active Boosting Essence (100 Ml),BWD1015,0,0
Advance Snail 96 Mucin Power Essence (100Ml),CRX1008,0,0
Ultimate Moisturizing Honey Over Night Mask(60Ml),CRX1038,0,0
Cica Regen 70 Cream - 50 Ml,DCL1003,0,0
Cica Regen 95 Soothing Gel (110 g),DCL1005,0,0
Ganghwa Rice Granule Pack ( 115 G),DCL1007,0,0
Royal Vita Propolis 33 Cream (50G),DCL1028,0,0
Scalp Dx Thickening Tonic 100Ml,DCL1031,0,0
Tea Tree Purifine 95 Essence (50Ml),DCL1036,0,0
Vegan Kombucha Tea Essence (Deluxe) 18Ml,DCL1038,0,0
Vegan Kombucha Tea Essence 150Ml,DCL1039,0,0
Daily Skin Hydrating Water (500Ml),DK1005,0,0
Daily Skin Softening Water (500Ml),DK1006,0,0
Midnight Blue Calming Cream (30 Ml ),DK1023,0,0
Midnight Blue Youth Activating Drop(20Ml),DK1026,0,0
Rich Moist Foaming Cleanser(100Ml),DK1029,0,0
All Clean Hand Sanitizer (500Ml),DPC1001,0,0
Fig Boosting Essence Miniature (30Ml),IMF1002,0,0
Fig Cleansing Balm (100Ml),IMF1003,0,0
Mugwort Essence (30 Ml),IMF1018,0,0
Pear Serum (50 Ml),IMF1023,0,0
Rice Cream (50G),IMF1024,0,0
Rice Mask(110 Gm),IMF1025,0,0
Centella Calming Gel Cream (60Ml),INK1003,0,0
No Sebum Mineral Powder (5gm),INS1019,0,0
Green Tea Fresh Toner 200Ml,ISN1014,0,0
Hyaluronic Acid Special Trial Kit 1Ea,ISN1025,0,0
Hyaluronic Acid Toner (Renewed) 20Ml,ISN1026,0,0
Hyaluronic Acid Watery Sun Gel 50Ml,ISN1033,0,0
All Around Safe Block Aqua Sun Gel Spf50+ (50Ml),MSH1002,0,0
All Around Safe Block Essence Sun Milk Spf50+/Pa+++(70Ml),MSH1003,0,0
Artemisia Calming Essence (150 Ml),MSH1007,0,0
Defence Barrier Ph Cleanser (150Ml),PRT1013,0,0
Bye Bye Blemish Vitatox Brightening Bubble Cleanser (120G),SBM1017,0,0
Snail Truecica Miracle Repair Cream (60G),SBM1026,0,0
Dr. Color Effect Red Cream 50 Ml,SKL1001,0,0
Dr. Color Effect Red Serum (40 Ml),SKL1002,0,0
Bahama Mama Bronzer Travel Size 3G,TBM1003,0,0
Time Balm Face Primer Travel Size - 12 Ml.,TBM1035,0,0
Vita B3 Source ( 40Ml ),TIM1003,0,0
Carrot Mild Sunscreen Spf50+ Pa++++ (50Ml),BLF1001,0,0
Extreme Spot Serum 50 Ml,BNJ1002,0,0
Green Multi-Vitamin Vital Nutrition Cream 50 Ml,BNJ1003,0,0
Green Tea Essential Mask 25G,BNJ1005,0,0
Green Tea Water Bomb Toner 205 Ml,BNJ1008,0,0
Mellow Mild Milk Cleanser 200Ml,BNJ1009,0,0
Mugwort Cream Calming Mask 55G,BNJ1010,0,0
Propolis Energy Toner 205Ml,BNJ1011,0,0
Propolis Essential Mask 25G,BNJ1012,0,0
The Little Book Of Skin Care (Premium),BSC1001,0,0
Vitamin 75 Maximizing Cream (50Ml),BWD1019,0,0
Eye Repair Cream (14Ml),CRV1003,0,0
Sa Cream 10% Urea - 340Ml (Smoothing),CRV1011,0,0
Advance Snail 92 All In One Cream (100Ml),CRX1007,0,0
Cica 7 Relife Kit,CRX1017,0,0
Oil Free Ultra Moisturizing Lotion(100M)L,CRX1030,0,0
Ultimate Nourishing Rice Overnight Spa Mask(60Ml),CRX1039,0,0
Cica Regen 92 Toner - 120 Ml,DCL1004,0,0
Hyal Reyouth Ampoule 50Ml,DCL1009,0,0
Hyal Reyouth Hydrogel Eye Mask (90G),DCL1010,0,0
Hyal Reyouth Night Cream 60G,DCL1012,0,0
Pro Balance Creamy Cleansing Foam - 150 Ml,DCL1021,0,0
Tea Tree Purifine 30 Cleansing Foam (115G),DCL1032,0,0
Tea Tree Purifine 70 Toner 100Ml/3.38 Fl Oz,DCL1033,0,0
Tea Tree Purifine 80 Cream 50G/1.76 Oz.,DCL1034,0,0
Tea Tree Purifine 95 Essence (30Ml),DCL1035,0,0
Vegan Kombucha Tea Gel Cream (75 G),DCL1040,0,0
Gentle Black Deep Cleansing Oil(150Ml),DK1016,0,0
Gentle Black Facial Cleanser (140 Ml),DK1017,0,0
Gentle Black Fresh Cleansing Oil(150Ml),DK1018,0,0
Supple Preparation Body Soap,DK1035,0,0
Youthful Glow Sugar Mask (3.8 Oz / 112.4 Ml),DK1042,0,0
All Clean Green Foam 150Ml,HMS1005,0,0
All Clean Green Foam 30Ml,HMS1006,0,0
All Clean Mini Kit Ver.2,HMS1010,0,0
All Clean White Clay Foam 30Ml,HMS1013,0,0
Bulgarian Rose Hydrogel Eye Patch,HMS1016,0,0
Cica Live Ampoule Mask Sheet 30Ml,HMS1018,0,0
Watermelon Moisture Soothing Gel Cream 110Ml,HMS1023,0,0
Fig Boosting Essence (150Ml),IMF1001,0,0
Ginseng Eye Cream (30G),IMF1006,0,0
Ginseng Mask(120G).,IMF1007,0,0
Rice Serum (30Ml),IMF1026,1,0
Centella Bubble Cleansing Foam 150Ml,INK1002,0,0
Tea Tree Relief Serum 50Ml,INK1008,0,0
Clear Skin 8% Aha Essence (Renewed) 100Ml,ISN1007,0,0
Green Tea Fresh Toner 20Ml,ISN1015,0,0
Hyaluronic Acid Toner (Renewed) 200Ml,ISN1027,0,0
Hyaluronic Acid Toner Plus 20Ml,ISN1029,0,0
Real Mugwort Clay Mask 100 Ml,ISN1034,0,0
Spot Saver Mugwort Cream 50Ml,ISN1038,0,0
Special Care Water Sleeping Mask (15Ml),LNG1010,0,0
30 Days Miracle Green Tea Tox Bubble Cleanser (120G),SBM1001,0,0
Aha Bha Pha 30 Days Miracle Ac Sos Kit,SBM1003,0,0
Aha Bha Pha 30 Days Miracle Serum (50 Ml),SBM1010,0,0
Cica Peptide Anti Hair Loos Derma Scalp Tonic (50Ml),SBM1019,0,0
Cica Peptide Anti Hair Loss Derma Scalp Shampoo (285Ml),SBM1020,0,0
Snail Truecica Miracle Repair Low Ph Gel Cleanser (30Ml),SBM1028,0,0
Super Matcha Pore Clean Clay Mask,SBM1035,0,0
Yuja Niacin Blemish Clear Serum (50Ml),SBM1039,0,0
Yuja Niacin Brightening Sleeping Mask (60G),SBM1040,0,0
Egg White Pore Mask (125G),SKF1004,0,0
Mad Lash Mascara Black Travel Size 4.5Ml,TBM1018,0,0
Mary-Lou Manizer Mini Highlighter Travel Size 2.70 G,TBM1020,0,0
Mini Lip Gloss Kit Set Of 6Pcs - Volume 1,TBM1023,0,0
The Dew Manizer'Squad Liquid Highlighter Set (Mini Kit),TBM1028,0,0
Rice Water Bright - Rich Cleansing Oil,TFS1002,0,0
Clean It Zero Cleansing Balm Original (100Ml),BC1002,0,0
Extreme Cica Cream 50 Ml,BNJ1001,0,0
Green Multi-Vitamin Vltal Nutriton Serum 35 Ml,BNJ1004,0,0
Propolis Serum 100Ml,BNJ1013,0,0
Rice Bran 90 Mild Cleansing Oil 200Ml,BNJ1014,0,0
Hydrating Cream To Foam Cleanser - 236Ml,CRV1007,0,0
Sa Smoothing Cream 10% Urea - 177Ml,CRV1010,0,0
Sa Smoothing Cleanser - 236Ml,CRV1012,0,0
Aha 7 Whitehead Power Liquid,CRX1010,0,0
Aloe Soothing Sun Cream Spf 50+ Pa+++(50Ml),CRX1012,0,0
Bha Blackhead Power Liquid (100Ml),CRX1013,0,0
Centella Blemish Cream (30Ml),CRX1016,0,0
Galactomyces 95 Tone Balancing Essence (100Ml),CRX1020,0,0
Honey Glow Kit,CRX1022,0,0
Hyaluronic Acid Intensive Cream(100Ml),CRX1024,0,0
Two In One Poreless Power Liquid (100Ml),CRX1037,0,0
5 Alpha Control No Sebum Sun Lotion(New) (50Ml),DCL1001,0,0
Perfect Fit Pact 2 - 13 Gm,DCL1018,0,0
Plc Vita K Liposome Oil Ampoule (50Ml),DCL1019,0,0
Pro Balance Biotics Clear Up Sun (50Ml),DCL1020,0,0
Royal Vitapropolis 33 Capsule Eye Cream (20Ml),DCL1029,0,0
Scalp Dx Scaling Shampoo - 500 Ml,DCL1030,0,0
Freshly Juiced Vitamin E Mask ( 15 Ml ),DK1008,0,0
Fundamental Ampule Mist ( 125 Ml ),DK1010,0,0
Fundamental Water Gel Cream,DK1013,0,0
Midnight Blue Calming Cream(Tube -60 Ml),DK1024,0,0
All Clean Balm 120Ml,HMS1002,0,0
All Clean Balm 50Ml,HMS1003,0,0
All Clean Vitamin Blemish Spot Clear Cream 60ml,HMS1004,0,0
All Clean Low Ph AHA/PHA Hydro Vegan Essence 50Ml,HMS1008,0,0
All Clean Low Ph Balancing Vegan Toner 150Ml,HMS1009,0,0
All Clean Pink Clay Purifying Wash Off Mask 150Ml,HMS1011,0,0
All Clean White Clay Foam 150Ml,HMS1012,0,0
Black Tea Mask Pack 110Ml,HMS1015,0,0
Marine Care Deep Moisture Nourshing Melting Cream 60Ml,HMS1019,0,0
Marine Care Eye Cream (30Ml),HMS1020,0,0
Miniature Kit 5Ea (Limited Edition),HMS1022,0,0
Fig Scrub Mask (120 G),IMF1004,0,0
Honey Mask(120G).,IMF1011,0,0
Rose Galactomyces Synergy Serum 50Ml,INK1007,0,0
Tea Tree Relief Toner 200Ml,INK1009,0,0
Bija Trouble Facial Foam(150Ml),INS1001,0,0
Green Tea Foam Cleanser (150ml),INS1002,0,0
Jeju Volcanic Pore Cleansing Foam (150ml),INS1011,2,0
My Lip Balm (#03 Home Made Lemon) 15G,INS1013,0,0
My Lip Balm (#11 Wedding Peach Tea) 15G,INS1018,0,0
Olive Real Cleansing Foam (150ml),INS1020,0,0
Retinol Cica Repair Ampoule (30Ml),INS1021,0,0
Aloe Soothing Gel Fresh (50%) 150Ml,ISN1001,0,0
Aloe Soothing Gel Moisture (80%) 150Ml,ISN1002,0,0
Cica Relief Cream 50Ml,ISN1006,0,0
Green Tea Fresh Serum (50Ml),ISN1013,0,0
Hyaluronic Acid Airy Sun Stick 22G,ISN1016,0,0
Hyaluronic Acid Aqua Gel Cream (Renewed) 100Ml,ISN1017,0,0
Hyaluronic Acid Low Ph Cleansing Foam 150Ml,ISN1019,0,0
Hyaluronic Acid Low-Ph Cleansing Foam (20 Ml),ISN1020,0,0
Hyaluronic Acid Moist Cream (Renewed) 100Ml,ISN1021,0,0
Hyaluronic Acid Water Essence 50Ml,ISN1030,0,0
Sensitive Balancing Cleansing Foam 150Ml,ISN1036,0,0
Spot Saver Mugwort Ampoule 50Ml,ISN1037,0,0
Tw Real Eye Cream 30Ml,ISN1042,0,0
Special Care Lip Sleeping Mask-Berry (20G),LNG1006,0,0
All Around Safe Block Soft Finish Sun Milk Spf50+/Pa+++ (70Ml),MSH1004,0,0
All-Around Safe Block Velvet Finish Sun Milk (Spf 50+ Pa++++) (70Ml),MSH1006,0,0
Natural Konjac Cleansing Puff (White Clay),MSH1040,0,0
Phyto Niacin Whitening Essence (50Ml),NPC1001,0,0
Bha Dead Skin Moisture Gel (100Ml),PRT1001,0,0
Centella Green Level All In One Mild Pad(130Ml/ 70 Pads),PRT1002,0,0
Centella Green Level Buffet Serum(60Ml),PRT1003,0,0
Centella Green Level Calming Toner(200Ml),PRT1004,0,0
Centella Unscented Toner(200Ml),PRT1009,0,0
Daily Go-To Sunscreen Broad Spectrum Spf 50+,PRT1011,0,0
Sea Buckthorn Vital 70 Cream (50Ml),PRT1019,0,0
Aha Bha Pha Real Cica 92% Cool Calming Soothing Gel (300Ml),SBM1002,0,0
Aha Bha Pha 30 Days Miracle Acne Clear Foam (100 Ml),SBM1004,0,0
Aha Bha Pha 30 Days Miracle Cream (50Ml),SBM1009,0,0
Aha Bha Pha 30 Days Miracle Toner (150Ml),SBM1013,0,0
Aha-Bha-Pha 30 Days Miracle Acne Clear Body Cleanser,SBM1016,0,0
Cica Peptide Anti Hair Loss Derma Scalp Treatment (150Ml),SBM1021,0,0
Snail Truecica Miracle Repair Serum (50Ml),SBM1030,0,0
Snail Truecica Miracle Repair Starter Kit,SBM1031,0,0
Rice Mask Wash Off (100G),SKF1005,0,0
Alternative Rock Palette Vol. 1 Face Palette,TBM1001,0,0
Alternative Rock Palette Vol. 2 Face Palette,TBM1002,0,0
Balmshelter Tinted Moisturizer Spf 18 - # Med/Dark - 58.68Ml/2.07Oz,TBM1006,0,0
Balmshelter Tinted Moisturizer Spf 18,TBM1007,0,0
Cabana Boy Shadow/ Blush-8.5G/0.3Oz,TBM1009,0,0
Cosmetics Face Travel Set 5-Pc With Cosmetics Bag For Women,TBM1010,0,0
Down Boy Shadow/ Blush 8.2G,TBM1011,0,0
Even Steven Whipped Foundation - # Medium 13.4Ml/0.45Oz,TBM1012,0,0
Even Steven Whipped Foundation - # Mid-Medium 0.45Oz/13.4Ml,TBM1013,0,0
Frat Boy Shadowblush Blush And Shadow 0.3 Oz / 8.5G,TBM1014,0,0
Hot Mama All-In-One Shadow And Blush - 7.08G,TBM1015,0,0
In The Balm Of Your Hand Palette (Volume 2) 19.77G/0.697Oz,TBM1017,0,0
Mary Dew Manizer (Liquid Highlighter) 5.5Ml/0.19Oz,TBM1019,0,0
Mary-Lou Shadow &amp; Shimmer Manizer 9.06 G,TBM1021,0,0
Meet Matt(E) Trimony Matte Eyeshadow Palette - 21.7/ 0.75 Oz.,TBM1022,0,0
Nude Dude Eyeshadow Palette 9.6G/0.336Oz,TBM1024,0,0
Sexy Mama Anti Shine Translucent Powder 7.08G/0.25Oz,TBM1026,0,0
Time Balm Anti Wrinkle Concealer ( Light) 7.5G/0.26Oz,TBM1029,0,0
Time Balm Anti Wrinkle Concealer Medium Makeup 7.5G 0.26 Oz,TBM1030,0,0
Time Balm Concealer - Medium/Dark 7.5 G/ 0.26 Oz.,TBM1031,0,0
Time Balm Concealer Under Eye Anti-Wrinkle 7.5G 0.26 Oz - Light Medium,TBM1033,0,0
Time Balm Face Primer 30Ml/1Oz,TBM1034,0,0
Rice Water Bright - Light Cleansing Oil,TFS1001,0,0
Pore Minimizing 21 Cream(50Ml),TIM1001,0,0
Pore Minimizing 21 Serum (40Ml),TIM1002,0,0
The Chok Chok Green Tea Watery Eye Cream,TNM1043,0,0
The Chok Chok Green Tea Watery Skin,TNM1046,0,0
Glycolic Acid 30% Gel Peel 1Ft. Oz. (30 Ml),YTH1004,0,0
Green Tea Water Bomb Cream 100 Ml,BNJ1007,0,0
Acid-Duo 2% Mild Gel Cleanser,BWD1002,0,0
Foaming Cleanser (Normal To Oily Skin) - 236Ml,CRV1004,0,0
Healing Ointment (Lock In Hydration) 340G,CRV1005,0,0
Hydrating Cleanser (Normal To Dry Skin) - 236Ml,CRV1006,0,0
Calming Foaming Cleanser,CRX1014,0,0
Perfect Fit Pact 1 - 13 Gm,DCL1017,0,0
Pure Vc Mellight Ampoule (0.8G + 8Ml / 0.028 Oz. + 0.27 Oz.),DCL1024,0,0
Pure Vc Mellight Cream ( 20Ml ),DCL1025,0,0
Vegan Kombucha Tea Lip Balm (3.7G),DCL1041,0,0
Gentle Black Sugar Facial Polish,DK1020,0,0
Supple Preparation All Over Lotion(250Ml),DK1034,0,0
Honey Serum (30Ml),IMF1013,0,0
Calendula Complete Cleansing Oil (200Ml),INK1001,0,0
Propolis Vitamin Sleeping Mask 60Ml,INK1005,0,0
Propolis Vitamin Synergy Serum 50Ml,INK1006,0,0
Green Tea Seed Serum(80Ml),INS1006,0,0
Jeju Orchid Eye Cream (30ml),INS1008,0,0
My Lip Balm (#05 Wild Hibiscus) 15G,INS1014,0,0
Super Volcanic Pore Clay Mask-2X (100ml),INS1022,0,0
C-Niacin Toning Ampoule (Renewed) 50Ml,ISN1004,0,0
Clear Skin Bha Toner 200Ml,ISN1008,0,0
Hyaluronic Acid Toner Plus 200Ml,ISN1028,0,0
Time Revolution The First Treatment Essence Rx ( 4Th_2019)(150 Ml),MSH1075,0,0
Centella Green Level Eye Cream(30Ml),PRT1005,0,0
Deep Sea Pure Water Cream (50G),PRT1012,0,0
Snail Truecica Miracle Repair Cream (20G),SBM1025,0,0
Snail Truecica Miracle Repair Toner 30Ml,SBM1033,0,0
Super Matcha Pore Care Starter Kit 4Items,SBM1034,0,0
Black Sugar Perfect Essential Scrub 2X (210G),SKF1003,0,0
Pore Corset Serum(30Ml),SKM1001,0,0
Balmshelter Tinted Moisturizer,TBM1008,0,0
Time Balm Concealer Mid-Medium - 7.5G 0.26 Oz.,TBM1032,0,0
2X First Essence,TNM1001,0,0
2X First Light Essence,TNM1002,0,0
Radiance Eye Gel 1Ft. Oz. (30 Ml),YTH1009,0,0
Midnight Blue Calming Sheet Mask,DK1025,0,0
I Am Lemon Mask Sheet - Brightening,TNM1011,0,0
I Am Aloe Mask Sheet ? Moisturizing,TNM1008,0,0
I Am Rice Mask Sheet ? Brightening,TNM1015,0,0
I Am Red Wine Mask Sheet ? Pore Care,TNM1014,0,0
I Am Tea Tree Mask Sheet ? Calming,TNM1017,0,0
All Clean Low Ph Balancing Vegan Essence 3Ml,HMS1007,0,0
Artless Glow Base (Spf 50+ Pa+++) 3Ml,HMS7004,0,0
Marine Care Deep Moisture Nourshing Melting Cream 3Ml,HMS7007,0,0
I Am Seaweeds Mask Sheet ?Purifying,TNM1016,0,0
I Am Pomegranate Mask Sheet - Elasticity,TNM1013,0,0
Freshly Juiced Vitamin E Mask ( 90 Ml ),DK1009,0,0
Special Care Lip Sleeping Mask-Berry (3G),LNG1007,0,0
Illuminating Supple Blemish Cream Spf 40,DK1021,0,0
Watermelon Moisture Soothing Gel Cream Blister 5Ml,HMS7008,0,0
Black Sugar Mask Wash Off (100G),SKF1001,0,0
Gentle Black Sugar Charcoal Pore Soap(100G),DK1019,0,0
I Am Makgeolli Mask Sheet-Skin Purifying,TNM1012,0,0
Real Rose Calming Mask 100 Ml,ISN1035,0,0
Tea Tree Scalp Refreshing Shampoo 320ml,BNJ1017,0,0
Pure Vitamin C21.5 Advanced Serum(30Ml),BWD1014,0,0
Hyaluronic Acid Hydra Power Essence 100Ml,CRX1023,0,0
Jeju Cherry Blossom Tone Up Cream (50Ml),INS1007,0,0
I Am Tomato Mask ? Skin Glow,TNM1018,0,0
Total Care Serum Trial Kit (all4in),SBM1041,0,0
Bahama Mama Bronzer,TBM1004,0,0
Hibiscus Moisturizing Scalp Pack 200Ml,RG1001,0,0
Essence Toner 200Ml,PKL1001,0,0
Velvet Cover Cushion 15g SPF5+/PA++++(#23 cover beige),HMS1030,0,0
Velvet Cover Cushion 15g SPF5+/PA++++(#21 cover ivory),HMS1029,0,0
Marine Care Cream Toner (155ml),HMS1028,0,0
Bulgarian Rose Water Mist Serum (55ml),HMS1027,0,0
Bulgarian Rose Tone-up Sunscreen 30ml SPF50+ PA+++,HMS1026,0,0
Bulgarian Rose Satin Cream Sample Sachet,HMS7006,0,0
Bulgarian Rose Satin Cream 55Ml,HMS1017,0,0
Artless Perfect Cushion SPF50+ PA+++ 15g (23 natural begige),HMS1025,0,0
Artless Perfect Cushion SPF50+ PA+++ 15g (21 light begige),HMS1024,0,0
Artless Glow Base (Spf 50+ Pa+++) 40Ml,HMS1014,0,0
Supple Preparation Facial Toner (Sample),DK7014,0,0
Moisturising Cream (Dry To Very Very Dry) - 454G,CRV1008,0,0
Moisturising Cream - 177Ml,CRV1009,0,0
Daily Moisturising Lotion (Dry To Very Very Dry) - 236Ml,CRV1001,0,0
Tamanu Oil Soothing Scalp Pack 50Ml,RG1010,0,0
Tamanu Oil Soothing Scalp Pack 200Ml,RG1009,0,0
Rosemary Balancing Scalp Pack 50Ml,RG1008,0,0
Rosemary Balancing Scalp Pack 200Ml,RG1007,0,0
Real Shea Real Change Treatment 240Ml,RG1006,0,0
Real Shea Protein Recharging Leave-In Treatment 150Ml,RG1005,0,0
Real Shea Nourishing Shampoo 400Ml,RG1004,0,0
Real Shea Cold Pressed Shea Butter Anti-Frizz Hair Lotion 150Ml,RG1003,0,0
Hibiscus Moisturizing Scalp Pack 50Ml,RG1002,0,0
Rose Stemcell Ampoule 30ml,BNJ1018,0,0
Rose Stemcell Ampoule 3ml,BNJ7007,0,0
Onion Newpair Essence Toner 200ml,ISN1047,0,0
Onion Newpair Cleansing Foam 150ml,ISN1046,0,0
Onion Newpair Gel Cream 50ml,ISN1045,0,0
Chestnut BHA 2% Clear Liquid 100ml 3.38 fl oz,ISN1044,0,0
Green Tea Fresh Cleanser 120ml,ISN1048,0,0
Moist Soothing Serum (Sample),DK7011,0,0
Fundamental Eye Awakening Gel (Sample),DK7003,0,0
Daily Intense Nourishing Conditioner 200ml,NL1001,0,0
Daily Intense Nourishing Hair Essence 120ml,NL1002,0,0
Daily Intense Nourishing Shampoo 300ml,NL1003,0,0
Magic Nine Fill Up Silk Hair Treatment 200ml,NL1004,0,0
Magic Nine Perlite Scalp Scrub Shampoo 150ml,NL1005,0,0
Magic Nine Rich Hair Volume Balm 150ml,NL1006,0,0
M Perfect Cover Bb Cream No-21 (50Ml),MSH1015,0,0
M Perfect Cover Bb Cream No-23 (50Ml),MSH1016,0,0
M Perfect Cover Bb Cream No-27 (50Ml),MSH1020,0,0
Camu Camu Blemish Care Serum 50 ml,BLF1003,0,0
Midnight Blue Calming Cream (Sample),DK7009,0,0
Supple Preparation Unscented Toner(Sample),DK7015,0,0
Vitamin Tree Water Gel (3Ml) Sample,IMF7007,0,0
Freshly Juiced Vitamin E Mask (Sample),DK7002,0,0
Gentle Black Deep Cleansing Oil (Sample),DK7007,0,0
Cica 7 Relief Kit - Pure Fit Cica Cream 15 ml,Others1,0,0
Cica 7 Relief Kit - Pure Fit Cica Serum 10 ml,Others 2,0,0
Cica 7 Relief Kit - Pure Fit Cica Toner 30 ml,Others3,0,0
Honey Glow Kit - Full fit Propolis Light Ampoule 10 ml,Others4,0,0
Honey Glow Kit - Full Fit Propolis Light Cream 15 ml,Others5,0,0
Honey Glow Kit - Full Fit Propolis Synergy Toner 30 ml,Others6,0,0
Fundamental Nourishing Eye Butter (Sample),DK7004,0,0
Moist Soothing Cream (Sample),DK7010,0,0
Supple Preparation All Over Lotion (Sample),DK7013,0,0
Miracle Seed Essence (160ml),PMR1001,0,0
Rice Serum Sample 1G,IMF7006,0,0
Fundamental Watery Oil Drop 1.5 Ml (Sample),DK7006,0,0
Ac Collection Calming Liquid Intensive 125Ml,CRX1003,0,0
The Chok Chok Green Tea Watery Cream,TNM1041,0,0
Ac Collection Calming Foam Cleanser 150Ml,CRX1002,0,0
Hyal Reyouth Moist Sun - 50ml,DCL1043,0,0
Pro Balance Biotics Moisturizer - 100ml,DCL1044,0,0
Scalp Dx Voluming Treatment - 200ml,DCL1045,0,0
Rice Foam Cleansing (150Ml),SKM1004,0,0
Vitamin A-mazing Bakuchiol Night Cream 30 g,BWD1021,0,0
Skincare Trial Kit-Volume : 1 Box,DK1043,0,0
Scalp Dx Scaling Shampoo : 5 Ml,DCL7006,0,0
HYAL REYOUTH TONER 120ML(Sample-1 ml),DCL7009,0,0
HyalL Reyouth Night Cream (Sample-1 ml),DCL7010,0,0
